{
  "$schema": "https://developer.microsoft.com/json-schemas/spfx/client-side-web-part-manifest.schema.json",
  "id": "2871b1ec-cf28-4204-ba03-0351518549e1",
  "alias": "XenWpUcoBankWebPart",
  "componentType": "WebPart",

  // The "*" signifies that the version should be taken from the package.json
  "version": "*",
  "manifestVersion": 2,

  // If true, the component can only be installed on sites where Custom Script is allowed.
  // Components that allow authors to embed arbitrary script code should set this to true.
  // https://support.office.com/en-us/article/Turn-scripting-capabilities-on-or-off-1f2c515f-5d7e-448a-9fd7-835da935584f
  "requiresCustomScript": false,
  "supportedHosts": ["SharePointWebPart", "TeamsPersonalApp", "TeamsTab", "SharePointFullPage"],
  "supportsThemeVariants": true,

  "preconfiguredEntries": [{
    "groupId": "5c03119e-3074-46fd-976b-c60198311f70", // Advanced
    "group": { "default": "Advanced" },
    "title": { "default": "XenWpUcoBank" },
    "description": { "default": "XenWpUcoBank description" },
    "officeFabricIconFontName": "Page",
    "properties": {
      "description": "XenWpUcoBank",
      "noteType":"enote",
      "pageType":"from",
      "formType":"New",
      "superAdminGroupName":"SuperAdmins",
      "departmentGroupName":"DepartmentAdmin"

    }
  }]
}
